assign_date,cve_id,cwe_id,cve_publish_date,cvss2_accesscomplexity,cvss2_accessvector,cvss2_authentication,cvss2_availabilityimpact,cvss2_basescore,cvss2_confidentialityimpact,cvss2_exploitabilityscore,cvss2_impactscore,cvss2_integrityimpact,cvss2_obtainallprivilege,cvss2_obtainotherprivilege,cvss2_obtainuserprivilege,cvss2_severity,cvss2_userinteractionrequired,num_of_affected_cpe,num_of_reference,nvd_poc_link,train_label,assign_to_publish,dw_users,dw_post
2014-11-18,CVE-2015-0097,CWE-19,2015-03-11,MEDIUM,NETWORK,NONE,COMPLETE,9.3,COMPLETE,8.6,10,COMPLETE,f,f,f,HIGH,t,7,3,f,t,113,0,0
2014-11-18,CVE-2015-0271,CWE-200,2015-03-10,LOW,NETWORK,SINGLE,NONE,4,PARTIAL,8,2.9,NONE,f,f,f,MEDIUM,f,2,3,f,f,112,0,0
2014-12-01,CVE-2015-0314,NVD-CWE-noinfo,2015-02-06,LOW,NETWORK,NONE,COMPLETE,10,COMPLETE,10,10,COMPLETE,f,f,f,HIGH,f,19,14,f,t,67,6,4
2014-12-01,CVE-2015-0321,NVD-CWE-noinfo,2015-02-06,LOW,NETWORK,NONE,COMPLETE,10,COMPLETE,10,10,COMPLETE,f,f,f,HIGH,f,19,14,f,f,67,0,0
2014-12-01,CVE-2015-0323,CWE-119,2015-02-06,LOW,NETWORK,NONE,COMPLETE,10,COMPLETE,10,10,COMPLETE,f,f,f,HIGH,f,19,14,f,t,67,0,0
2014-12-01,CVE-2015-0322,NVD-CWE-Other,2015-02-06,LOW,NETWORK,NONE,COMPLETE,10,COMPLETE,10,10,COMPLETE,f,f,f,HIGH,f,19,14,f,f,67,0,0
2014-12-01,CVE-2015-0325,NVD-CWE-Other,2015-02-06,LOW,NETWORK,NONE,COMPLETE,10,COMPLETE,10,10,COMPLETE,f,f,f,HIGH,f,19,13,f,t,67,0,0
2014-12-01,CVE-2015-0316,NVD-CWE-noinfo,2015-02-06,LOW,NETWORK,NONE,COMPLETE,10,COMPLETE,10,10,COMPLETE,f,f,f,HIGH,f,19,14,f,f,67,0,0
2014-12-01,CVE-2015-0326,NVD-CWE-Other,2015-02-06,LOW,NETWORK,NONE,COMPLETE,10,COMPLETE,10,10,COMPLETE,f,f,f,HIGH,f,19,13,f,t,67,0,0
2014-12-01,CVE-2015-0329,NVD-CWE-noinfo,2015-02-06,LOW,NETWORK,NONE,COMPLETE,10,COMPLETE,10,10,COMPLETE,f,f,f,HIGH,f,19,14,f,f,67,0,0
2014-12-01,CVE-2015-0328,NVD-CWE-Other,2015-02-06,LOW,NETWORK,NONE,COMPLETE,10,COMPLETE,10,10,COMPLETE,f,f,f,HIGH,f,19,13,f,t,67,0,0
2014-12-01,CVE-2015-0315,NVD-CWE-Other,2015-02-06,LOW,NETWORK,NONE,COMPLETE,10,COMPLETE,10,10,COMPLETE,f,f,f,HIGH,f,19,14,f,f,67,0,0
2014-12-01,CVE-2015-0330,NVD-CWE-noinfo,2015-02-06,LOW,NETWORK,NONE,COMPLETE,10,COMPLETE,10,10,COMPLETE,f,f,f,HIGH,f,19,14,f,t,67,0,0
2014-12-01,CVE-2015-0318,NVD-CWE-noinfo,2015-02-06,LOW,NETWORK,NONE,COMPLETE,10,COMPLETE,10,10,COMPLETE,f,f,f,HIGH,f,19,14,f,f,67,4,3
2014-12-01,CVE-2015-0336,NVD-CWE-noinfo,2015-03-13,MEDIUM,NETWORK,NONE,COMPLETE,9.3,COMPLETE,8.6,10,COMPLETE,f,f,f,HIGH,f,20,10,f,t,102,6,5
2014-12-01,CVE-2015-0340,NVD-CWE-Other,2015-03-13,LOW,NETWORK,NONE,NONE,5,NONE,10,2.9,PARTIAL,f,f,f,MEDIUM,f,20,8,f,f,102,0,0
2014-12-01,CVE-2015-0338,NVD-CWE-Other,2015-03-13,LOW,NETWORK,NONE,COMPLETE,10,COMPLETE,10,10,COMPLETE,f,f,f,HIGH,f,20,8,f,t,102,0,0
2014-12-01,CVE-2015-0342,NVD-CWE-Other,2015-03-13,LOW,NETWORK,NONE,COMPLETE,10,COMPLETE,10,10,COMPLETE,f,f,f,HIGH,f,20,8,f,f,102,0,0
2014-12-01,CVE-2015-0339,CWE-399,2015-03-13,LOW,NETWORK,NONE,COMPLETE,10,COMPLETE,10,10,COMPLETE,f,f,f,HIGH,f,20,8,f,t,102,0,0
2014-12-01,CVE-2015-0337,CWE-264,2015-03-13,LOW,NETWORK,NONE,NONE,5,NONE,10,2.9,PARTIAL,f,f,f,MEDIUM,f,20,8,f,f,102,0,0
2015-02-17,CVE-2015-1635,CWE-94,2015-04-14,LOW,NETWORK,NONE,COMPLETE,10,COMPLETE,10,10,COMPLETE,f,f,f,HIGH,f,7,7,t,t,56,60,48
2015-02-17,CVE-2015-1639,CWE-79,2015-04-14,MEDIUM,NETWORK,NONE,NONE,4.3,NONE,8.6,2.9,PARTIAL,f,f,f,MEDIUM,t,1,2,f,f,56,0,0
2015-02-17,CVE-2015-1641,CWE-399,2015-04-14,MEDIUM,NETWORK,NONE,COMPLETE,9.3,COMPLETE,8.6,10,COMPLETE,f,f,f,HIGH,t,11,3,f,t,56,58,43
2015-02-17,CVE-2015-1638,CWE-264,2015-04-14,MEDIUM,NETWORK,NONE,NONE,5.8,PARTIAL,8.6,4.9,PARTIAL,f,f,f,MEDIUM,f,3,2,f,f,56,0,0
2015-02-17,CVE-2015-1649,NVD-CWE-Other,2015-04-14,MEDIUM,NETWORK,NONE,COMPLETE,9.3,COMPLETE,8.6,10,COMPLETE,f,f,f,HIGH,t,11,2,f,t,56,0,0
2015-02-17,CVE-2015-1646,CWE-264,2015-04-14,MEDIUM,NETWORK,NONE,NONE,4.3,PARTIAL,8.6,2.9,NONE,f,f,f,MEDIUM,t,1,2,f,f,56,0,0
2015-02-17,CVE-2015-1650,NVD-CWE-Other,2015-04-14,MEDIUM,NETWORK,NONE,COMPLETE,9.3,COMPLETE,8.6,10,COMPLETE,f,f,f,HIGH,t,11,2,f,t,56,8,6
2015-02-17,CVE-2015-1648,CWE-19,2015-04-14,HIGH,NETWORK,NONE,NONE,2.6,PARTIAL,4.9,2.9,NONE,f,f,f,LOW,f,8,2,f,f,56,0,0
2015-02-17,CVE-2015-1651,NVD-CWE-Other,2015-04-14,MEDIUM,NETWORK,NONE,COMPLETE,9.3,COMPLETE,8.6,10,COMPLETE,f,f,f,HIGH,t,3,2,f,t,56,0,0
2015-02-17,CVE-2015-1644,CWE-264,2015-04-14,LOW,LOCAL,NONE,COMPLETE,7.2,COMPLETE,3.9,10,COMPLETE,f,f,f,HIGH,f,13,3,f,f,56,2,2
2015-02-17,CVE-2015-1657,CWE-399,2015-04-14,MEDIUM,NETWORK,NONE,COMPLETE,9.3,COMPLETE,8.6,10,COMPLETE,f,f,f,HIGH,t,3,2,f,t,56,0,0
2015-02-17,CVE-2015-1645,CWE-94,2015-04-14,MEDIUM,NETWORK,NONE,COMPLETE,9.3,COMPLETE,8.6,10,COMPLETE,f,f,f,HIGH,t,6,4,f,f,56,0,0
2015-02-17,CVE-2015-1660,CWE-399,2015-04-14,MEDIUM,NETWORK,NONE,COMPLETE,9.3,COMPLETE,8.6,10,COMPLETE,f,f,f,HIGH,t,1,2,f,t,56,0,0
2015-02-17,CVE-2015-1652,CWE-399,2015-04-14,MEDIUM,NETWORK,NONE,COMPLETE,9.3,COMPLETE,8.6,10,COMPLETE,f,f,f,HIGH,t,6,3,f,f,56,0,0
2015-02-17,CVE-2015-1665,CWE-399,2015-04-14,MEDIUM,NETWORK,NONE,COMPLETE,9.3,COMPLETE,8.6,10,COMPLETE,f,f,f,HIGH,t,1,3,f,t,56,0,0
2015-02-17,CVE-2015-1668,CWE-399,2015-04-14,MEDIUM,NETWORK,NONE,COMPLETE,9.3,COMPLETE,8.6,10,COMPLETE,f,f,f,HIGH,t,2,3,f,f,56,0,0
2015-02-17,CVE-2015-1686,CWE-200,2015-05-13,MEDIUM,NETWORK,NONE,NONE,4.3,PARTIAL,8.6,2.9,NONE,f,f,f,MEDIUM,t,7,4,f,t,85,0,0
2015-02-17,CVE-2015-1858,CWE-119,2015-05-12,MEDIUM,NETWORK,NONE,PARTIAL,6.8,PARTIAL,8.6,6.4,PARTIAL,f,f,f,MEDIUM,t,12,10,f,f,84,0,0
2015-02-17,CVE-2015-1689,CWE-119,2015-05-13,MEDIUM,NETWORK,NONE,COMPLETE,9.3,COMPLETE,8.6,10,COMPLETE,f,f,f,HIGH,t,3,3,f,t,85,0,0
2015-02-17,CVE-2015-1860,CWE-119,2015-05-12,MEDIUM,NETWORK,NONE,PARTIAL,6.8,PARTIAL,8.6,6.4,PARTIAL,f,f,f,MEDIUM,t,12,13,f,f,84,0,0
2015-02-17,CVE-2015-1691,CWE-119,2015-05-13,MEDIUM,NETWORK,NONE,COMPLETE,9.3,COMPLETE,8.6,10,COMPLETE,f,f,f,HIGH,t,2,3,f,t,85,0,0
2015-02-17,CVE-2015-1859,CWE-119,2015-05-12,MEDIUM,NETWORK,NONE,PARTIAL,6.8,PARTIAL,8.6,6.4,PARTIAL,f,f,f,MEDIUM,t,12,10,f,f,84,0,0
2015-02-17,CVE-2015-1681,CWE-119,2015-05-13,MEDIUM,LOCAL,NONE,PARTIAL,1.9,NONE,3.4,2.9,NONE,f,f,f,LOW,t,11,3,f,t,85,0,0
2015-02-17,CVE-2015-1676,CWE-200,2015-05-13,LOW,LOCAL,NONE,NONE,2.1,PARTIAL,3.9,2.9,NONE,f,f,f,LOW,f,12,3,f,f,85,0,0
2015-02-17,CVE-2015-1705,CWE-119,2015-05-13,MEDIUM,NETWORK,NONE,COMPLETE,9.3,COMPLETE,8.6,10,COMPLETE,f,f,f,HIGH,t,3,3,f,t,85,0,0
2015-02-17,CVE-2015-1694,CWE-119,2015-05-13,MEDIUM,NETWORK,NONE,COMPLETE,9.3,COMPLETE,8.6,10,COMPLETE,f,f,f,HIGH,t,6,3,f,f,85,0,0
2015-02-17,CVE-2015-1708,CWE-119,2015-05-13,MEDIUM,NETWORK,NONE,COMPLETE,9.3,COMPLETE,8.6,10,COMPLETE,f,f,f,HIGH,t,2,3,f,t,85,0,0
2015-02-17,CVE-2015-1699,CWE-94,2015-05-13,MEDIUM,NETWORK,NONE,COMPLETE,9.3,COMPLETE,8.6,10,COMPLETE,f,f,f,HIGH,t,10,2,f,f,85,0,0
2015-02-17,CVE-2015-1710,CWE-119,2015-05-13,MEDIUM,NETWORK,NONE,COMPLETE,9.3,COMPLETE,8.6,10,COMPLETE,f,f,f,HIGH,t,6,3,f,t,85,0,0
2015-02-17,CVE-2015-1698,CWE-94,2015-05-13,MEDIUM,NETWORK,NONE,COMPLETE,9.3,COMPLETE,8.6,10,COMPLETE,f,f,f,HIGH,t,10,3,f,f,85,0,0
2016-03-23,CVE-2016-3648,CWE-200,2016-06-30,LOW,NETWORK,SINGLE,NONE,4,PARTIAL,8,2.9,NONE,f,f,f,MEDIUM,f,1,3,f,f,99,0,0
2015-02-17,CVE-2015-1711,CWE-119,2015-05-13,MEDIUM,NETWORK,NONE,COMPLETE,9.3,COMPLETE,8.6,10,COMPLETE,f,f,f,HIGH,t,1,3,f,t,85,0,0
2015-02-17,CVE-2015-1717,CWE-119,2015-05-13,MEDIUM,NETWORK,NONE,COMPLETE,9.3,COMPLETE,8.6,10,COMPLETE,f,f,f,HIGH,t,1,3,f,f,85,0,0
2015-02-17,CVE-2015-1718,CWE-119,2015-05-13,MEDIUM,NETWORK,NONE,COMPLETE,9.3,COMPLETE,8.6,10,COMPLETE,f,f,f,HIGH,t,1,3,f,t,85,0,0
2015-02-17,CVE-2015-1674,CWE-254,2015-05-13,LOW,LOCAL,NONE,PARTIAL,4.6,PARTIAL,3.9,6.4,PARTIAL,f,f,f,MEDIUM,f,6,4,t,f,85,4,3
2015-02-17,CVE-2015-1685,CWE-264,2015-05-13,MEDIUM,NETWORK,NONE,NONE,4.3,PARTIAL,8.6,2.9,NONE,f,f,f,MEDIUM,t,1,3,f,t,85,0,0
2015-02-17,CVE-2015-1692,CWE-200,2015-05-13,MEDIUM,NETWORK,NONE,NONE,4.3,PARTIAL,8.6,2.9,NONE,f,f,f,MEDIUM,t,5,3,f,f,85,0,0
2015-02-17,CVE-2015-1752,CWE-399,2015-06-10,MEDIUM,NETWORK,NONE,COMPLETE,9.3,COMPLETE,8.6,10,COMPLETE,f,f,f,HIGH,t,3,3,f,t,113,0,0
2015-02-17,CVE-2015-1766,CWE-399,2015-06-10,MEDIUM,NETWORK,NONE,COMPLETE,9.3,COMPLETE,8.6,10,COMPLETE,f,f,f,HIGH,t,6,3,f,f,113,0,0
2015-02-17,CVE-2015-1755,CWE-399,2015-06-10,MEDIUM,NETWORK,NONE,COMPLETE,9.3,COMPLETE,8.6,10,COMPLETE,f,f,f,HIGH,t,2,5,f,t,113,0,0
2015-02-17,CVE-2015-1722,CWE-416,2015-06-10,LOW,LOCAL,NONE,COMPLETE,7.2,COMPLETE,3.9,10,COMPLETE,f,f,f,HIGH,f,13,4,t,f,113,0,0
2015-02-17,CVE-2015-1730,CWE-399,2015-06-10,MEDIUM,NETWORK,NONE,COMPLETE,9.3,COMPLETE,8.6,10,COMPLETE,f,f,f,HIGH,t,1,6,f,t,113,0,0
2015-02-17,CVE-2015-1720,CWE-416,2015-06-10,LOW,LOCAL,NONE,COMPLETE,7.2,COMPLETE,3.9,10,COMPLETE,f,f,f,HIGH,f,13,2,f,f,113,0,0
2015-02-17,CVE-2015-1687,CWE-19,2015-06-10,MEDIUM,NETWORK,NONE,COMPLETE,9.3,COMPLETE,8.6,10,COMPLETE,f,f,f,HIGH,t,4,2,f,t,113,0,0
2015-02-17,CVE-2015-1758,NVD-CWE-Other,2015-06-10,MEDIUM,LOCAL,NONE,COMPLETE,6.9,COMPLETE,3.4,10,COMPLETE,f,f,f,MEDIUM,t,9,5,f,f,113,0,0
2015-02-17,CVE-2015-1732,CWE-399,2015-06-10,MEDIUM,NETWORK,NONE,COMPLETE,9.3,COMPLETE,8.6,10,COMPLETE,f,f,f,HIGH,t,1,2,f,t,113,0,0
2015-02-17,CVE-2015-1764,NVD-CWE-Other,2015-06-10,MEDIUM,NETWORK,NONE,NONE,4.3,NONE,8.6,2.9,PARTIAL,f,f,f,MEDIUM,t,2,3,f,f,113,0,0
2015-02-17,CVE-2015-1735,CWE-399,2015-06-10,MEDIUM,NETWORK,NONE,COMPLETE,9.3,COMPLETE,8.6,10,COMPLETE,f,f,f,HIGH,t,6,3,f,t,113,0,0
2015-02-17,CVE-2015-1724,CWE-416,2015-06-10,LOW,LOCAL,NONE,COMPLETE,7.2,COMPLETE,3.9,10,COMPLETE,f,f,f,HIGH,f,13,3,f,f,113,0,0
2015-02-17,CVE-2015-1736,CWE-399,2015-06-10,MEDIUM,NETWORK,NONE,COMPLETE,9.3,COMPLETE,8.6,10,COMPLETE,f,f,f,HIGH,t,2,4,f,t,113,0,0
2015-02-17,CVE-2015-1731,CWE-399,2015-06-10,MEDIUM,NETWORK,NONE,COMPLETE,9.3,COMPLETE,8.6,10,COMPLETE,f,f,f,HIGH,t,2,2,f,f,113,0,0
2015-02-17,CVE-2015-1737,CWE-399,2015-06-10,MEDIUM,NETWORK,NONE,COMPLETE,9.3,COMPLETE,8.6,10,COMPLETE,f,f,f,HIGH,t,2,3,f,t,113,0,0
2015-02-17,CVE-2015-1751,CWE-399,2015-06-10,MEDIUM,NETWORK,NONE,COMPLETE,9.3,COMPLETE,8.6,10,COMPLETE,f,f,f,HIGH,t,1,4,f,f,113,0,0
2015-02-17,CVE-2015-1744,CWE-399,2015-06-10,MEDIUM,NETWORK,NONE,COMPLETE,9.3,COMPLETE,8.6,10,COMPLETE,f,f,f,HIGH,t,6,3,f,t,113,0,0
2015-02-17,CVE-2015-1757,CWE-79,2015-06-10,MEDIUM,NETWORK,NONE,NONE,4.3,NONE,8.6,2.9,PARTIAL,f,f,f,MEDIUM,t,2,3,f,f,113,0,0
2015-02-17,CVE-2015-1747,CWE-399,2015-06-10,MEDIUM,NETWORK,NONE,COMPLETE,9.3,COMPLETE,8.6,10,COMPLETE,f,f,f,HIGH,t,1,4,f,t,113,0,0
2015-02-17,CVE-2015-1739,CWE-264,2015-06-10,MEDIUM,NETWORK,NONE,PARTIAL,6.8,PARTIAL,8.6,6.4,PARTIAL,f,f,f,MEDIUM,t,2,4,f,f,113,0,0
2015-02-17,CVE-2015-1748,CWE-264,2015-06-10,MEDIUM,NETWORK,NONE,PARTIAL,6.8,PARTIAL,8.6,6.4,PARTIAL,f,f,f,MEDIUM,t,5,4,f,t,113,0,0
2015-02-17,CVE-2015-1742,CWE-399,2015-06-10,MEDIUM,NETWORK,NONE,COMPLETE,9.3,COMPLETE,8.6,10,COMPLETE,f,f,f,HIGH,t,1,3,f,f,113,0,0
2015-02-17,CVE-2015-1750,CWE-399,2015-06-10,MEDIUM,NETWORK,NONE,COMPLETE,9.3,COMPLETE,8.6,10,COMPLETE,f,f,f,HIGH,t,1,3,f,t,113,0,0
2015-02-17,CVE-2015-1753,CWE-399,2015-06-10,MEDIUM,NETWORK,NONE,COMPLETE,9.3,COMPLETE,8.6,10,COMPLETE,f,f,f,HIGH,t,1,3,f,f,113,0,0
2015-03-19,CVE-2015-2425,CWE-119,2015-07-14,MEDIUM,NETWORK,NONE,COMPLETE,9.3,COMPLETE,8.6,10,COMPLETE,f,f,f,HIGH,t,1,2,f,t,117,6,5
2015-03-19,CVE-2015-2361,CWE-119,2015-07-14,LOW,LOCAL,NONE,COMPLETE,7.2,COMPLETE,3.9,10,COMPLETE,f,f,f,HIGH,f,4,2,f,f,117,0,0
2015-03-19,CVE-2015-2426,CWE-119,2015-07-20,MEDIUM,NETWORK,NONE,COMPLETE,9.3,COMPLETE,8.6,10,COMPLETE,f,f,f,HIGH,t,12,6,t,t,123,14,7
2015-03-19,CVE-2015-2418,CWE-362,2015-07-20,MEDIUM,LOCAL,NONE,COMPLETE,6.9,COMPLETE,3.4,10,COMPLETE,f,f,f,MEDIUM,t,1,2,f,f,123,0,0
2015-03-19,CVE-2015-2442,CWE-119,2015-08-14,MEDIUM,NETWORK,NONE,COMPLETE,9.3,COMPLETE,8.6,10,COMPLETE,f,f,f,HIGH,t,5,3,f,t,148,0,0
2015-03-19,CVE-2015-2447,CWE-119,2015-08-14,MEDIUM,NETWORK,NONE,COMPLETE,9.3,COMPLETE,8.6,10,COMPLETE,f,f,f,HIGH,t,1,2,f,f,148,0,0
2015-03-19,CVE-2015-2443,CWE-119,2015-08-14,MEDIUM,NETWORK,NONE,COMPLETE,9.3,COMPLETE,8.6,10,COMPLETE,f,f,f,HIGH,t,2,4,f,t,148,0,0
2015-03-19,CVE-2015-2445,CWE-200,2015-08-14,MEDIUM,NETWORK,NONE,NONE,4.3,PARTIAL,8.6,2.9,NONE,f,f,f,MEDIUM,t,1,2,f,f,148,2,1
2015-03-19,CVE-2015-2452,CWE-119,2015-08-14,MEDIUM,NETWORK,NONE,COMPLETE,9.3,COMPLETE,8.6,10,COMPLETE,f,f,f,HIGH,t,5,3,f,t,148,0,0
2015-03-19,CVE-2015-2441,CWE-119,2015-08-14,MEDIUM,NETWORK,NONE,COMPLETE,9.3,COMPLETE,8.6,10,COMPLETE,f,f,f,HIGH,t,6,3,f,f,148,0,0
2015-03-19,CVE-2015-2483,CWE-200,2015-09-09,LOW,NETWORK,NONE,NONE,5,PARTIAL,10,2.9,NONE,f,f,f,MEDIUM,f,2,3,f,t,174,0,0
2015-03-19,CVE-2015-2521,CWE-119,2015-09-09,MEDIUM,NETWORK,NONE,COMPLETE,9.3,COMPLETE,8.6,10,COMPLETE,f,f,f,HIGH,t,5,3,f,f,174,0,0
2015-03-19,CVE-2015-2499,CWE-119,2015-09-09,MEDIUM,NETWORK,NONE,COMPLETE,9.3,COMPLETE,8.6,10,COMPLETE,f,f,f,HIGH,t,5,4,f,t,174,0,0
2015-03-19,CVE-2015-2528,CWE-264,2015-09-09,LOW,LOCAL,NONE,COMPLETE,7.2,COMPLETE,3.9,10,COMPLETE,f,f,f,HIGH,f,12,4,f,f,174,0,0
2015-03-19,CVE-2015-2501,CWE-119,2015-09-09,MEDIUM,NETWORK,NONE,COMPLETE,9.3,COMPLETE,8.6,10,COMPLETE,f,f,f,HIGH,t,1,4,f,t,174,0,0
2015-03-19,CVE-2015-2525,CWE-264,2015-09-09,LOW,LOCAL,NONE,COMPLETE,7.2,COMPLETE,3.9,10,COMPLETE,f,f,f,HIGH,f,12,4,t,f,174,0,0
2015-03-19,CVE-2015-2545,CWE-20,2015-09-09,MEDIUM,NETWORK,NONE,COMPLETE,9.3,COMPLETE,8.6,10,COMPLETE,f,f,f,HIGH,t,5,3,t,t,174,16,9
2015-03-19,CVE-2015-2514,CWE-20,2015-09-09,MEDIUM,NETWORK,NONE,COMPLETE,9.3,COMPLETE,8.6,10,COMPLETE,f,f,f,HIGH,t,11,2,f,f,174,0,0
2015-03-20,CVE-2015-2590,NVD-CWE-noinfo,2015-07-16,LOW,NETWORK,NONE,COMPLETE,10,COMPLETE,10,10,COMPLETE,f,f,f,HIGH,f,10,25,f,t,118,4,4
2015-03-20,CVE-2015-2644,NVD-CWE-noinfo,2015-07-16,MEDIUM,NETWORK,NONE,NONE,4.3,PARTIAL,8.6,2.9,NONE,f,f,f,MEDIUM,f,1,2,f,f,118,0,0
2015-04-09,CVE-2015-3043,NVD-CWE-noinfo,2015-04-14,LOW,NETWORK,NONE,COMPLETE,10,COMPLETE,10,10,COMPLETE,f,f,f,HIGH,f,31,10,f,t,5,10,18
2015-04-09,CVE-2015-3041,NVD-CWE-noinfo,2015-04-14,LOW,NETWORK,NONE,COMPLETE,10,COMPLETE,10,10,COMPLETE,f,f,f,HIGH,f,31,9,f,f,5,0,0
2015-04-09,CVE-2015-3113,CWE-119,2015-06-23,LOW,NETWORK,NONE,COMPLETE,10,COMPLETE,10,10,COMPLETE,f,f,f,HIGH,f,23,13,f,t,75,4,13
2015-04-10,CVE-2015-3232,NVD-CWE-Other,2015-06-22,MEDIUM,NETWORK,NONE,NONE,5.8,PARTIAL,8.6,4.9,PARTIAL,f,f,f,MEDIUM,t,53,5,f,f,73,0,0
2015-06-08,CVE-2015-4451,NVD-CWE-noinfo,2015-07-15,MEDIUM,NETWORK,NONE,COMPLETE,9.3,COMPLETE,8.6,10,COMPLETE,f,f,f,HIGH,t,10,3,f,t,37,0,0
2015-06-08,CVE-2015-4447,NVD-CWE-noinfo,2015-07-15,LOW,NETWORK,NONE,COMPLETE,10,COMPLETE,10,10,COMPLETE,f,f,f,HIGH,f,10,3,f,f,37,0,0
2015-06-26,CVE-2015-5119,CWE-119,2015-07-08,LOW,NETWORK,NONE,COMPLETE,10,COMPLETE,10,10,COMPLETE,f,f,f,HIGH,f,24,16,t,t,12,47,49
2015-06-26,CVE-2015-5116,CWE-284,2015-07-09,LOW,NETWORK,NONE,NONE,5,PARTIAL,10,2.9,NONE,f,f,f,MEDIUM,f,28,8,f,f,13,0,0
2015-06-26,CVE-2015-5122,NVD-CWE-Other,2015-07-14,LOW,NETWORK,NONE,COMPLETE,10,COMPLETE,10,10,COMPLETE,f,f,f,HIGH,f,25,20,f,t,18,24,19
2015-06-26,CVE-2015-5120,CWE-119,2015-07-14,LOW,NETWORK,NONE,COMPLETE,10,COMPLETE,10,10,COMPLETE,f,f,f,HIGH,f,1,2,f,f,18,0,0
2015-06-26,CVE-2015-5123,CWE-416,2015-07-14,LOW,NETWORK,NONE,COMPLETE,10,COMPLETE,10,10,COMPLETE,f,f,f,HIGH,f,19,14,f,t,18,0,0
2015-06-26,CVE-2015-5121,CWE-119,2015-07-14,LOW,NETWORK,NONE,COMPLETE,10,COMPLETE,10,10,COMPLETE,f,f,f,HIGH,f,1,2,f,f,18,0,0
2015-06-26,CVE-2015-5130,NVD-CWE-Other,2015-08-14,LOW,NETWORK,NONE,COMPLETE,10,COMPLETE,10,10,COMPLETE,f,f,f,HIGH,f,9,10,f,t,49,0,0
2015-06-26,CVE-2015-5129,CWE-119,2015-08-14,LOW,NETWORK,NONE,COMPLETE,10,COMPLETE,10,10,COMPLETE,f,f,f,HIGH,f,9,9,f,f,49,0,0
2015-06-26,CVE-2015-5134,NVD-CWE-Other,2015-08-14,LOW,NETWORK,NONE,COMPLETE,10,COMPLETE,10,10,COMPLETE,f,f,f,HIGH,f,9,10,f,t,49,0,0
2015-06-26,CVE-2015-5125,CWE-119,2015-08-14,LOW,NETWORK,NONE,COMPLETE,10,COMPLETE,10,10,COMPLETE,f,f,f,HIGH,f,9,7,f,f,49,0,0
2015-07-17,CVE-2015-5539,NVD-CWE-Other,2015-08-14,LOW,NETWORK,NONE,COMPLETE,10,COMPLETE,10,10,COMPLETE,f,f,f,HIGH,f,8,10,f,t,28,0,0
2015-07-16,CVE-2015-5536,CWE-264,2015-08-13,LOW,NETWORK,SINGLE,COMPLETE,9,COMPLETE,8,10,COMPLETE,f,f,f,HIGH,f,2,11,f,f,28,0,0
2015-08-06,CVE-2015-5876,CWE-119,2015-09-18,MEDIUM,NETWORK,NONE,COMPLETE,9.3,COMPLETE,8.6,10,COMPLETE,f,f,f,HIGH,t,3,8,f,t,43,0,0
2015-08-06,CVE-2015-5799,CWE-119,2015-09-18,MEDIUM,NETWORK,NONE,PARTIAL,6.8,PARTIAL,8.6,6.4,PARTIAL,f,f,f,MEDIUM,t,3,8,f,f,43,0,0
2015-08-14,CVE-2015-6064,CWE-119,2015-11-11,MEDIUM,NETWORK,NONE,COMPLETE,9.3,COMPLETE,8.6,10,COMPLETE,f,f,f,HIGH,t,3,6,f,t,89,0,0
2015-08-14,CVE-2015-6038,CWE-119,2015-11-11,MEDIUM,NETWORK,NONE,COMPLETE,9.3,COMPLETE,8.6,10,COMPLETE,f,f,f,HIGH,t,12,5,f,f,89,0,0
2015-08-14,CVE-2015-6071,CWE-119,2015-11-11,MEDIUM,NETWORK,NONE,COMPLETE,9.3,COMPLETE,8.6,10,COMPLETE,f,f,f,HIGH,t,5,2,f,t,89,0,0
2015-08-14,CVE-2015-6065,CWE-119,2015-11-11,MEDIUM,NETWORK,NONE,COMPLETE,9.3,COMPLETE,8.6,10,COMPLETE,f,f,f,HIGH,t,3,4,f,f,89,0,0
2015-08-14,CVE-2015-6075,CWE-119,2015-11-11,MEDIUM,NETWORK,NONE,COMPLETE,9.3,COMPLETE,8.6,10,COMPLETE,f,f,f,HIGH,t,1,4,f,t,89,0,0
2015-08-14,CVE-2015-6093,CWE-119,2015-11-11,MEDIUM,NETWORK,NONE,COMPLETE,9.3,COMPLETE,8.6,10,COMPLETE,f,f,f,HIGH,t,8,5,f,f,89,0,0
2015-08-14,CVE-2015-6078,CWE-119,2015-11-11,MEDIUM,NETWORK,NONE,COMPLETE,9.3,COMPLETE,8.6,10,COMPLETE,f,f,f,HIGH,t,4,4,f,t,89,0,0
2015-08-14,CVE-2015-6082,CWE-119,2015-11-11,MEDIUM,NETWORK,NONE,COMPLETE,9.3,COMPLETE,8.6,10,COMPLETE,f,f,f,HIGH,t,1,2,f,f,89,0,0
2015-08-14,CVE-2015-6096,CWE-200,2015-11-11,MEDIUM,NETWORK,NONE,NONE,4.3,PARTIAL,8.6,2.9,NONE,f,f,f,MEDIUM,t,8,2,f,t,89,0,0
2015-08-14,CVE-2015-6086,CWE-200,2015-11-11,MEDIUM,NETWORK,NONE,NONE,4.3,PARTIAL,8.6,2.9,NONE,f,f,f,MEDIUM,t,3,5,f,f,89,16,11
2015-08-14,CVE-2015-6124,CWE-119,2015-12-09,MEDIUM,NETWORK,NONE,COMPLETE,9.3,COMPLETE,8.6,10,COMPLETE,f,f,f,HIGH,t,5,2,f,t,117,4,3
2015-08-14,CVE-2015-6134,CWE-119,2015-12-09,MEDIUM,NETWORK,NONE,COMPLETE,9.3,COMPLETE,8.6,10,COMPLETE,f,f,f,HIGH,t,1,3,f,f,117,0,0
2015-08-14,CVE-2015-6127,CWE-200,2015-12-09,MEDIUM,NETWORK,NONE,NONE,4.3,PARTIAL,8.6,2.9,NONE,f,f,f,MEDIUM,t,4,4,t,t,117,2,4
2015-08-14,CVE-2015-6172,CWE-20,2015-12-09,MEDIUM,NETWORK,NONE,COMPLETE,9.3,COMPLETE,8.6,10,COMPLETE,f,f,f,HIGH,t,7,2,f,f,117,9,7
2015-08-14,CVE-2015-6142,CWE-119,2015-12-09,MEDIUM,NETWORK,NONE,COMPLETE,9.3,COMPLETE,8.6,10,COMPLETE,f,f,f,HIGH,t,2,5,f,t,117,0,0
2015-08-14,CVE-2015-6160,CWE-119,2015-12-09,MEDIUM,NETWORK,NONE,COMPLETE,9.3,COMPLETE,8.6,10,COMPLETE,f,f,f,HIGH,t,1,3,f,f,117,0,0
2015-10-01,CVE-2015-7631,NVD-CWE-Other,2015-10-15,MEDIUM,NETWORK,NONE,COMPLETE,9.3,COMPLETE,8.6,10,COMPLETE,f,f,f,HIGH,t,12,11,f,t,14,0,0
2015-10-01,CVE-2015-7615,CWE-416,2015-10-14,MEDIUM,NETWORK,NONE,PARTIAL,6.8,PARTIAL,8.6,6.4,PARTIAL,f,f,f,MEDIUM,t,10,3,f,f,13,0,0
2015-10-01,CVE-2015-7632,CWE-119,2015-10-15,MEDIUM,NETWORK,NONE,COMPLETE,9.3,COMPLETE,8.6,10,COMPLETE,f,f,f,HIGH,t,12,11,f,t,14,0,0
2015-10-01,CVE-2015-7626,CWE-119,2015-10-14,LOW,NETWORK,NONE,COMPLETE,10,COMPLETE,10,10,COMPLETE,f,f,f,HIGH,f,12,10,f,f,13,0,0
2015-10-01,CVE-2015-7633,CWE-119,2015-10-15,LOW,NETWORK,NONE,COMPLETE,10,COMPLETE,10,10,COMPLETE,f,f,f,HIGH,f,12,10,f,t,14,0,0
2015-10-01,CVE-2015-7619,CWE-416,2015-10-14,MEDIUM,NETWORK,NONE,PARTIAL,6.8,PARTIAL,8.6,6.4,PARTIAL,f,f,f,MEDIUM,t,10,3,f,f,13,0,0
2015-10-01,CVE-2015-7645,NVD-CWE-noinfo,2015-10-15,MEDIUM,NETWORK,NONE,COMPLETE,9.3,COMPLETE,8.6,10,COMPLETE,f,f,f,HIGH,t,5,14,f,t,14,10,6
2015-10-01,CVE-2015-7621,CWE-416,2015-10-14,MEDIUM,NETWORK,NONE,PARTIAL,6.8,PARTIAL,8.6,6.4,PARTIAL,f,f,f,MEDIUM,t,10,3,f,f,13,0,0
2015-10-01,CVE-2015-7629,NVD-CWE-Other,2015-10-15,MEDIUM,NETWORK,NONE,COMPLETE,9.3,COMPLETE,8.6,10,COMPLETE,f,f,f,HIGH,t,12,11,f,t,14,0,0
2015-10-01,CVE-2015-7622,CWE-119,2015-10-14,LOW,NETWORK,NONE,COMPLETE,10,COMPLETE,10,10,COMPLETE,f,f,f,HIGH,f,10,3,f,f,13,0,0
2015-10-01,CVE-2015-7652,NVD-CWE-Other,2015-11-11,MEDIUM,NETWORK,NONE,COMPLETE,9.3,COMPLETE,8.6,10,COMPLETE,f,f,f,HIGH,t,19,9,f,t,41,0,0
2015-10-01,CVE-2015-7655,NVD-CWE-Other,2015-11-11,MEDIUM,NETWORK,NONE,COMPLETE,9.3,COMPLETE,8.6,10,COMPLETE,f,f,f,HIGH,t,19,8,f,f,41,0,0
2015-10-01,CVE-2015-7653,NVD-CWE-Other,2015-11-11,MEDIUM,NETWORK,NONE,COMPLETE,9.3,COMPLETE,8.6,10,COMPLETE,f,f,f,HIGH,t,19,8,f,t,41,0,0
2015-10-01,CVE-2015-7656,NVD-CWE-Other,2015-11-11,MEDIUM,NETWORK,NONE,COMPLETE,9.3,COMPLETE,8.6,10,COMPLETE,f,f,f,HIGH,t,19,8,f,f,41,0,0
2015-10-01,CVE-2015-7654,NVD-CWE-Other,2015-11-11,MEDIUM,NETWORK,NONE,COMPLETE,9.3,COMPLETE,8.6,10,COMPLETE,f,f,f,HIGH,t,19,8,f,t,41,0,0
2015-10-01,CVE-2015-7663,NVD-CWE-Other,2015-11-11,LOW,NETWORK,NONE,COMPLETE,10,COMPLETE,10,10,COMPLETE,f,f,f,HIGH,f,19,7,f,f,41,0,0
2015-10-01,CVE-2015-7657,NVD-CWE-Other,2015-11-11,MEDIUM,NETWORK,NONE,COMPLETE,9.3,COMPLETE,8.6,10,COMPLETE,f,f,f,HIGH,t,19,8,f,t,41,0,0
2015-10-01,CVE-2015-7660,NVD-CWE-Other,2015-11-11,MEDIUM,NETWORK,NONE,COMPLETE,9.3,COMPLETE,8.6,10,COMPLETE,f,f,f,HIGH,t,19,8,f,f,41,0,0
2015-12-02,CVE-2015-8418,CWE-119,2015-12-10,LOW,NETWORK,NONE,COMPLETE,10,COMPLETE,10,10,COMPLETE,f,f,f,HIGH,f,18,10,f,t,8,0,0
2015-12-02,CVE-2015-8449,NVD-CWE-Other,2015-12-10,MEDIUM,NETWORK,NONE,COMPLETE,9.3,COMPLETE,8.6,10,COMPLETE,f,f,f,HIGH,t,18,11,f,f,8,0,0
2015-12-04,CVE-2016-0034,CWE-20,2016-01-13,MEDIUM,NETWORK,NONE,COMPLETE,9.3,COMPLETE,8.6,10,COMPLETE,f,f,f,HIGH,t,1,2,f,t,40,8,10
2015-12-04,CVE-2016-0010,CWE-119,2016-01-13,MEDIUM,NETWORK,NONE,COMPLETE,9.3,COMPLETE,8.6,10,COMPLETE,f,f,f,HIGH,t,12,2,f,f,40,10,9
2015-12-04,CVE-2016-0015,CWE-119,2016-01-13,MEDIUM,NETWORK,NONE,COMPLETE,9.3,COMPLETE,8.6,10,COMPLETE,f,f,f,HIGH,t,11,4,t,t,40,0,0
2015-12-04,CVE-2016-0020,NVD-CWE-Other,2016-01-13,LOW,LOCAL,NONE,COMPLETE,7.2,COMPLETE,3.9,10,COMPLETE,f,f,f,HIGH,t,5,3,f,f,40,0,0
2015-12-04,CVE-2016-0063,CWE-119,2016-02-10,MEDIUM,NETWORK,NONE,COMPLETE,9.3,COMPLETE,8.6,10,COMPLETE,f,f,f,HIGH,t,3,5,t,t,68,0,0
2015-12-04,CVE-2016-0072,CWE-119,2016-02-10,MEDIUM,NETWORK,NONE,COMPLETE,9.3,COMPLETE,8.6,10,COMPLETE,f,f,f,HIGH,t,3,3,f,f,68,0,0
2015-12-04,CVE-2016-0022,CWE-119,2016-02-10,MEDIUM,NETWORK,NONE,COMPLETE,9.3,COMPLETE,8.6,10,COMPLETE,f,f,f,HIGH,t,11,3,f,t,68,0,0
2015-12-04,CVE-2016-0037,CWE-20,2016-02-10,LOW,NETWORK,NONE,PARTIAL,5,NONE,10,2.9,NONE,f,f,f,MEDIUM,f,3,3,f,f,68,0,0
2015-12-04,CVE-2016-0053,CWE-119,2016-02-10,MEDIUM,NETWORK,NONE,COMPLETE,9.3,COMPLETE,8.6,10,COMPLETE,f,f,f,HIGH,t,11,3,f,t,68,0,0
2015-12-04,CVE-2016-0038,CWE-119,2016-02-10,MEDIUM,NETWORK,NONE,COMPLETE,9.3,COMPLETE,8.6,10,COMPLETE,f,f,f,HIGH,t,9,3,f,f,68,0,0
2015-12-04,CVE-2016-0113,CWE-119,2016-03-09,HIGH,NETWORK,NONE,COMPLETE,7.6,COMPLETE,4.9,10,COMPLETE,f,f,f,HIGH,t,3,4,f,t,96,0,0
2015-12-04,CVE-2016-0087,CWE-264,2016-03-09,LOW,LOCAL,NONE,COMPLETE,7.2,COMPLETE,3.9,10,COMPLETE,f,f,f,HIGH,t,5,3,f,f,96,0,0
2015-12-04,CVE-2016-0124,CWE-119,2016-03-09,HIGH,NETWORK,NONE,COMPLETE,7.6,COMPLETE,4.9,10,COMPLETE,f,f,f,HIGH,t,1,3,f,t,96,0,0
2015-12-04,CVE-2016-0091,CWE-20,2016-03-09,MEDIUM,NETWORK,NONE,PARTIAL,6.8,PARTIAL,8.6,6.4,PARTIAL,f,f,f,MEDIUM,t,10,4,f,f,96,0,0
2015-12-04,CVE-2016-0021,CWE-119,2016-03-09,MEDIUM,NETWORK,NONE,COMPLETE,9.3,COMPLETE,8.6,10,COMPLETE,f,f,f,HIGH,t,3,3,f,t,96,6,4
2015-12-04,CVE-2016-0092,CWE-20,2016-03-09,MEDIUM,NETWORK,NONE,COMPLETE,9.3,COMPLETE,8.6,10,COMPLETE,f,f,f,HIGH,t,10,4,f,f,96,0,0
2015-12-04,CVE-2016-0105,CWE-119,2016-03-09,HIGH,NETWORK,NONE,COMPLETE,7.6,COMPLETE,4.9,10,COMPLETE,f,f,f,HIGH,t,4,5,f,t,96,0,0
2015-12-04,CVE-2016-0093,CWE-264,2016-03-09,LOW,LOCAL,NONE,COMPLETE,7.2,COMPLETE,3.9,10,COMPLETE,f,f,f,HIGH,t,10,4,f,f,96,0,0
2015-12-04,CVE-2016-0112,CWE-119,2016-03-09,HIGH,NETWORK,NONE,COMPLETE,7.6,COMPLETE,4.9,10,COMPLETE,f,f,f,HIGH,t,3,5,f,t,96,0,0
2015-12-04,CVE-2016-0094,CWE-264,2016-03-09,LOW,LOCAL,NONE,COMPLETE,7.2,COMPLETE,3.9,10,COMPLETE,f,f,f,HIGH,t,10,4,f,f,96,0,0
2015-12-04,CVE-2016-0164,CWE-119,2016-04-12,HIGH,NETWORK,NONE,COMPLETE,7.6,COMPLETE,4.9,10,COMPLETE,f,f,f,HIGH,t,2,3,f,t,130,0,0
2015-12-04,CVE-2016-0148,CWE-264,2016-04-12,LOW,LOCAL,NONE,COMPLETE,7.2,COMPLETE,3.9,10,COMPLETE,f,f,f,HIGH,f,2,6,f,f,130,0,0
2015-12-04,CVE-2016-0127,CWE-119,2016-04-12,MEDIUM,NETWORK,NONE,COMPLETE,9.3,COMPLETE,8.6,10,COMPLETE,f,f,f,HIGH,t,11,3,f,t,130,0,0
2015-12-04,CVE-2016-0150,CWE-19,2016-04-12,LOW,NETWORK,NONE,COMPLETE,7.8,NONE,10,6.9,NONE,f,f,f,HIGH,f,2,2,f,f,130,0,0
2015-12-04,CVE-2016-0147,CWE-20,2016-04-12,MEDIUM,NETWORK,NONE,COMPLETE,9.3,COMPLETE,8.6,10,COMPLETE,f,f,f,HIGH,t,1,2,f,t,130,4,2
2015-12-04,CVE-2015-8473,CWE-200,2016-04-12,LOW,NETWORK,SINGLE,NONE,4,PARTIAL,8,2.9,NONE,f,f,f,MEDIUM,t,10,7,f,f,130,0,0
2015-12-04,CVE-2016-0155,CWE-119,2016-04-12,HIGH,NETWORK,NONE,COMPLETE,7.6,COMPLETE,4.9,10,COMPLETE,f,f,f,HIGH,t,1,2,f,t,130,0,0
2015-12-04,CVE-2016-0151,CWE-264,2016-04-12,LOW,LOCAL,NONE,COMPLETE,7.2,COMPLETE,3.9,10,COMPLETE,f,f,f,HIGH,f,6,3,f,f,130,0,0
2015-12-04,CVE-2016-0157,CWE-119,2016-04-12,HIGH,NETWORK,NONE,COMPLETE,7.6,COMPLETE,4.9,10,COMPLETE,f,f,f,HIGH,t,1,3,f,t,130,0,0
2015-12-04,CVE-2016-0153,CWE-284,2016-04-12,MEDIUM,NETWORK,NONE,COMPLETE,9.3,COMPLETE,8.6,10,COMPLETE,f,f,f,HIGH,t,8,2,f,f,130,0,0
2015-12-04,CVE-2016-0158,CWE-254,2016-04-12,MEDIUM,NETWORK,NONE,NONE,4.3,NONE,8.6,2.9,PARTIAL,f,f,f,MEDIUM,t,1,3,f,t,130,2,2
2015-12-04,CVE-2016-0154,CWE-119,2016-04-12,HIGH,NETWORK,NONE,COMPLETE,7.6,COMPLETE,4.9,10,COMPLETE,f,f,f,HIGH,t,4,4,f,f,130,0,0
2015-12-04,CVE-2016-0176,CWE-264,2016-05-11,LOW,LOCAL,NONE,COMPLETE,7.2,COMPLETE,3.9,10,COMPLETE,f,f,f,HIGH,f,8,4,f,t,159,0,0
2015-12-04,CVE-2016-0149,CWE-200,2016-05-11,MEDIUM,NETWORK,NONE,NONE,4.3,PARTIAL,8.6,2.9,NONE,f,f,f,MEDIUM,f,7,3,f,f,159,0,0
2015-12-04,CVE-2016-0189,CWE-119,2016-05-11,HIGH,NETWORK,NONE,COMPLETE,7.6,COMPLETE,4.9,10,COMPLETE,f,f,f,HIGH,t,6,6,f,t,159,32,18
2015-12-04,CVE-2016-0152,CWE-264,2016-05-11,LOW,LOCAL,NONE,COMPLETE,7.2,COMPLETE,3.9,10,COMPLETE,f,f,f,HIGH,f,2,3,f,f,159,0,0
2015-12-04,CVE-2016-0191,CWE-119,2016-05-11,HIGH,NETWORK,NONE,COMPLETE,7.6,COMPLETE,4.9,10,COMPLETE,f,f,f,HIGH,t,1,4,f,t,159,0,0
2015-12-04,CVE-2016-0168,CWE-200,2016-05-11,MEDIUM,NETWORK,NONE,NONE,4.3,PARTIAL,8.6,2.9,NONE,f,f,f,MEDIUM,t,10,4,f,f,159,0,0
2015-12-04,CVE-2016-0193,CWE-119,2016-05-11,HIGH,NETWORK,NONE,COMPLETE,7.6,COMPLETE,4.9,10,COMPLETE,f,f,f,HIGH,t,1,4,f,t,159,0,0
2015-12-04,CVE-2016-0169,CWE-200,2016-05-11,MEDIUM,NETWORK,NONE,NONE,4.3,PARTIAL,8.6,2.9,NONE,f,f,f,MEDIUM,t,10,4,f,f,159,0,0
2015-12-04,CVE-2016-0196,CWE-264,2016-05-11,LOW,LOCAL,NONE,COMPLETE,7.2,COMPLETE,3.9,10,COMPLETE,f,f,f,HIGH,f,11,4,f,t,159,0,0
2015-12-04,CVE-2016-0170,CWE-284,2016-05-11,MEDIUM,NETWORK,NONE,COMPLETE,9.3,COMPLETE,8.6,10,COMPLETE,f,f,f,HIGH,t,11,4,f,f,159,0,0
2015-12-04,CVE-2016-0174,CWE-264,2016-05-11,LOW,LOCAL,NONE,COMPLETE,7.2,COMPLETE,3.9,10,COMPLETE,f,f,f,HIGH,f,10,4,f,t,159,0,0
2015-12-04,CVE-2016-0171,CWE-264,2016-05-11,LOW,LOCAL,NONE,COMPLETE,7.2,COMPLETE,3.9,10,COMPLETE,f,f,f,HIGH,f,10,5,f,f,159,0,0
2015-12-04,CVE-2016-0199,CWE-119,2016-06-16,MEDIUM,NETWORK,NONE,COMPLETE,9.3,COMPLETE,8.6,10,COMPLETE,f,f,f,HIGH,t,3,7,t,t,195,2,1
2015-12-04,CVE-2016-0025,CWE-20,2016-06-16,MEDIUM,NETWORK,NONE,COMPLETE,9.3,COMPLETE,8.6,10,COMPLETE,f,f,f,HIGH,t,15,2,f,f,195,0,0
2015-12-04,CVE-2016-0200,CWE-119,2016-06-16,MEDIUM,NETWORK,NONE,COMPLETE,9.3,COMPLETE,8.6,10,COMPLETE,f,f,f,HIGH,t,3,3,f,t,195,0,0
2015-12-04,CVE-2016-0028,CWE-200,2016-06-16,MEDIUM,NETWORK,NONE,NONE,4.3,PARTIAL,8.6,2.9,NONE,f,f,f,MEDIUM,t,6,2,f,f,195,0,0
2015-12-16,CVE-2016-0728,NVD-CWE-Other,2016-02-08,LOW,LOCAL,NONE,COMPLETE,7.2,COMPLETE,3.9,10,COMPLETE,f,f,f,HIGH,f,26,42,f,t,54,52,33
2015-12-16,CVE-2016-0801,CWE-20,2016-02-07,LOW,ADJACENT_NETWORK,NONE,COMPLETE,8.3,COMPLETE,6.5,10,COMPLETE,f,f,f,HIGH,f,9,13,f,f,53,4,3
2015-12-22,CVE-2016-1010,CWE-189,2016-03-12,LOW,NETWORK,NONE,COMPLETE,10,COMPLETE,10,10,COMPLETE,f,f,f,HIGH,f,36,8,f,t,81,2,3
2015-12-22,CVE-2016-1005,CWE-119,2016-03-12,MEDIUM,NETWORK,NONE,COMPLETE,9.3,COMPLETE,8.6,10,COMPLETE,f,f,f,HIGH,t,36,9,f,f,81,2,2
2015-12-22,CVE-2016-1015,NVD-CWE-Other,2016-04-09,MEDIUM,NETWORK,NONE,COMPLETE,9.3,COMPLETE,8.6,10,COMPLETE,f,f,f,HIGH,t,26,8,f,t,109,4,7
2015-12-22,CVE-2016-1006,CWE-254,2016-04-09,LOW,NETWORK,NONE,COMPLETE,10,COMPLETE,10,10,COMPLETE,f,f,f,HIGH,f,26,6,f,f,109,2,2
2015-12-22,CVE-2016-1016,NVD-CWE-Other,2016-04-09,MEDIUM,NETWORK,NONE,COMPLETE,9.3,COMPLETE,8.6,10,COMPLETE,f,f,f,HIGH,t,26,8,f,t,109,2,4
2015-12-22,CVE-2016-1011,NVD-CWE-Other,2016-04-09,LOW,NETWORK,NONE,COMPLETE,10,COMPLETE,10,10,COMPLETE,f,f,f,HIGH,f,26,9,f,f,109,0,0
2015-12-22,CVE-2016-1017,NVD-CWE-Other,2016-04-09,MEDIUM,NETWORK,NONE,COMPLETE,9.3,COMPLETE,8.6,10,COMPLETE,f,f,f,HIGH,t,26,8,f,t,109,2,1
2015-12-22,CVE-2016-1012,CWE-119,2016-04-09,LOW,NETWORK,NONE,COMPLETE,10,COMPLETE,10,10,COMPLETE,f,f,f,HIGH,f,26,7,f,f,109,2,2
2015-12-23,CVE-2015-8651,CWE-189,2015-12-28,MEDIUM,NETWORK,NONE,COMPLETE,9.3,COMPLETE,8.6,10,COMPLETE,f,f,f,HIGH,t,21,12,f,t,5,27,24
2015-12-23,CVE-2015-8641,NVD-CWE-Other,2015-12-28,MEDIUM,NETWORK,NONE,COMPLETE,9.3,COMPLETE,8.6,10,COMPLETE,f,f,f,HIGH,t,21,12,f,f,5,0,0
2016-01-13,CVE-2016-1757,CWE-362,2016-03-24,MEDIUM,NETWORK,NONE,COMPLETE,9.3,COMPLETE,8.6,10,COMPLETE,f,f,f,HIGH,t,2,8,f,t,71,0,0
2016-01-12,CVE-2016-1599,CWE-79,2016-03-24,MEDIUM,NETWORK,NONE,NONE,4.3,NONE,8.6,2.9,PARTIAL,f,f,f,MEDIUM,t,6,3,f,f,72,0,0
2016-02-02,CVE-2016-2211,CWE-119,2016-06-30,MEDIUM,NETWORK,NONE,COMPLETE,9.3,COMPLETE,8.6,10,COMPLETE,f,f,f,HIGH,t,44,4,f,t,149,0,0
2016-02-02,CVE-2015-8801,CWE-254,2016-06-30,MEDIUM,LOCAL,NONE,NONE,3.3,PARTIAL,3.4,4.9,PARTIAL,f,f,f,LOW,f,1,3,f,f,149,0,0
2016-03-15,CVE-2016-3233,CWE-119,2016-06-16,MEDIUM,NETWORK,NONE,COMPLETE,9.3,COMPLETE,8.6,10,COMPLETE,f,f,f,HIGH,f,4,2,f,t,93,0,0
2016-03-15,CVE-2016-3198,CWE-254,2016-06-16,MEDIUM,NETWORK,NONE,NONE,4.3,NONE,8.6,2.9,PARTIAL,f,f,f,MEDIUM,t,1,2,f,f,93,0,0
2016-03-15,CVE-2016-3199,CWE-119,2016-06-16,MEDIUM,NETWORK,NONE,COMPLETE,9.3,COMPLETE,8.6,10,COMPLETE,f,f,f,HIGH,t,1,4,f,t,93,0,0
2016-03-15,CVE-2016-3201,CWE-200,2016-06-16,MEDIUM,NETWORK,NONE,NONE,4.3,PARTIAL,8.6,2.9,NONE,f,f,f,MEDIUM,t,6,3,f,f,93,0,0
2016-03-15,CVE-2016-3205,CWE-119,2016-06-16,HIGH,NETWORK,NONE,COMPLETE,7.6,COMPLETE,4.9,10,COMPLETE,f,f,f,HIGH,t,6,4,f,t,93,0,0
2016-03-15,CVE-2016-3202,CWE-119,2016-06-16,HIGH,NETWORK,NONE,COMPLETE,7.6,COMPLETE,4.9,10,COMPLETE,f,f,f,HIGH,t,6,4,f,f,93,0,0
2016-03-15,CVE-2016-3206,CWE-119,2016-06-16,HIGH,NETWORK,NONE,COMPLETE,7.6,COMPLETE,4.9,10,COMPLETE,f,f,f,HIGH,t,6,4,f,t,93,0,0
2016-03-15,CVE-2016-3203,CWE-20,2016-06-16,MEDIUM,NETWORK,NONE,COMPLETE,9.3,COMPLETE,8.6,10,COMPLETE,f,f,f,HIGH,t,6,5,f,f,93,0,0
2016-03-15,CVE-2016-3207,CWE-119,2016-06-16,HIGH,NETWORK,NONE,COMPLETE,7.6,COMPLETE,4.9,10,COMPLETE,f,f,f,HIGH,t,6,4,f,t,93,0,0
2016-03-15,CVE-2016-3211,CWE-119,2016-06-16,MEDIUM,NETWORK,NONE,COMPLETE,9.3,COMPLETE,8.6,10,COMPLETE,f,f,f,HIGH,t,3,3,f,f,93,0,0
2016-03-15,CVE-2016-3210,CWE-119,2016-06-16,MEDIUM,NETWORK,NONE,COMPLETE,9.3,COMPLETE,8.6,10,COMPLETE,f,f,f,HIGH,t,1,3,f,t,93,0,0
2016-03-15,CVE-2016-3212,CWE-79,2016-06-16,MEDIUM,NETWORK,NONE,NONE,4.3,NONE,8.6,2.9,PARTIAL,f,f,f,MEDIUM,t,3,3,f,f,93,0,0
2016-03-15,CVE-2016-3222,CWE-119,2016-06-16,MEDIUM,NETWORK,NONE,COMPLETE,9.3,COMPLETE,8.6,10,COMPLETE,f,f,f,HIGH,t,1,8,f,t,93,0,0
2016-03-15,CVE-2016-3213,CWE-264,2016-06-16,MEDIUM,NETWORK,NONE,COMPLETE,9.3,COMPLETE,8.6,10,COMPLETE,f,f,f,HIGH,t,13,4,f,f,93,89,48
2016-03-15,CVE-2016-3277,CWE-200,2016-07-13,HIGH,NETWORK,NONE,NONE,2.6,PARTIAL,4.9,2.9,NONE,f,f,f,LOW,t,3,4,f,t,120,0,0
2016-03-15,CVE-2016-3204,CWE-119,2016-07-13,MEDIUM,NETWORK,NONE,COMPLETE,9.3,COMPLETE,8.6,10,COMPLETE,f,f,f,HIGH,t,3,5,f,f,120,0,0
2016-03-15,CVE-2016-3242,CWE-119,2016-07-13,HIGH,NETWORK,NONE,COMPLETE,7.6,COMPLETE,4.9,10,COMPLETE,f,f,f,HIGH,t,3,3,f,t,120,0,0
2016-03-15,CVE-2016-3238,CWE-254,2016-07-13,MEDIUM,NETWORK,NONE,COMPLETE,9.3,COMPLETE,8.6,10,COMPLETE,f,f,f,HIGH,f,10,3,f,f,120,2,2
2016-03-15,CVE-2016-3244,CWE-284,2016-07-13,MEDIUM,NETWORK,NONE,NONE,4.3,PARTIAL,8.6,2.9,NONE,f,f,f,MEDIUM,f,1,3,f,t,120,0,0
2016-03-15,CVE-2016-3239,CWE-264,2016-07-13,LOW,LOCAL,NONE,COMPLETE,7.2,COMPLETE,3.9,10,COMPLETE,f,f,f,HIGH,f,10,3,f,f,120,2,2
2016-03-15,CVE-2016-3240,CWE-119,2016-07-13,HIGH,NETWORK,NONE,COMPLETE,7.6,COMPLETE,4.9,10,COMPLETE,f,f,f,HIGH,t,3,3,f,t,120,0,0
2016-03-15,CVE-2016-3241,CWE-119,2016-07-13,HIGH,NETWORK,NONE,COMPLETE,7.6,COMPLETE,4.9,10,COMPLETE,f,f,f,HIGH,t,3,3,f,f,120,0,0
2016-03-15,CVE-2016-3259,CWE-119,2016-07-13,MEDIUM,NETWORK,NONE,COMPLETE,9.3,COMPLETE,8.6,10,COMPLETE,f,f,f,HIGH,t,4,4,f,t,120,0,0
2016-03-15,CVE-2016-3243,CWE-119,2016-07-13,HIGH,NETWORK,NONE,COMPLETE,7.6,COMPLETE,4.9,10,COMPLETE,f,f,f,HIGH,t,2,3,f,f,120,0,0
2016-03-15,CVE-2016-3261,CWE-200,2016-07-13,HIGH,NETWORK,NONE,NONE,2.6,PARTIAL,4.9,2.9,NONE,f,f,f,LOW,t,1,3,f,t,120,0,0
2016-03-15,CVE-2016-3245,CWE-284,2016-07-13,MEDIUM,NETWORK,NONE,NONE,4.3,NONE,8.6,2.9,PARTIAL,f,f,f,MEDIUM,t,3,3,f,f,120,0,0
2016-03-15,CVE-2016-3264,CWE-119,2016-07-13,HIGH,NETWORK,NONE,COMPLETE,7.6,COMPLETE,4.9,10,COMPLETE,f,f,f,HIGH,t,4,4,f,t,120,0,0
2016-03-15,CVE-2016-3246,CWE-119,2016-07-13,HIGH,NETWORK,NONE,COMPLETE,7.6,COMPLETE,4.9,10,COMPLETE,f,f,f,HIGH,t,1,3,f,f,120,0,0
2016-03-15,CVE-2016-3293,CWE-119,2016-08-09,HIGH,NETWORK,NONE,COMPLETE,7.6,COMPLETE,4.9,10,COMPLETE,f,f,f,HIGH,t,4,4,f,t,147,0,0
2016-03-15,CVE-2016-3237,CWE-264,2016-08-09,MEDIUM,NETWORK,NONE,PARTIAL,6.8,PARTIAL,8.6,6.4,PARTIAL,f,f,f,MEDIUM,f,12,4,t,f,147,2,2
2016-03-15,CVE-2016-3304,CWE-20,2016-08-09,MEDIUM,NETWORK,NONE,COMPLETE,9.3,COMPLETE,8.6,10,COMPLETE,f,f,f,HIGH,t,12,4,f,t,147,0,0
2016-03-15,CVE-2016-3288,CWE-119,2016-08-09,HIGH,NETWORK,NONE,COMPLETE,7.6,COMPLETE,4.9,10,COMPLETE,f,f,f,HIGH,t,1,4,f,f,147,2,2
2016-03-15,CVE-2016-3294,CWE-119,2016-09-14,HIGH,NETWORK,NONE,COMPLETE,7.6,COMPLETE,4.9,10,COMPLETE,f,f,f,HIGH,t,1,3,f,t,183,2,2
2016-03-15,CVE-2016-3291,CWE-200,2016-09-14,HIGH,NETWORK,NONE,NONE,2.6,PARTIAL,4.9,2.9,NONE,f,f,f,LOW,t,2,5,f,f,183,2,2
2016-03-15,CVE-2016-3295,CWE-119,2016-09-14,HIGH,NETWORK,NONE,PARTIAL,5.1,PARTIAL,4.9,6.4,PARTIAL,f,f,f,MEDIUM,t,3,5,f,t,183,2,2
2016-03-15,CVE-2016-3292,CWE-20,2016-09-14,HIGH,NETWORK,NONE,PARTIAL,5.1,PARTIAL,4.9,6.4,PARTIAL,f,f,f,MEDIUM,t,2,3,f,f,183,2,2
2016-03-15,CVE-2016-3297,NVD-CWE-noinfo,2016-09-14,MEDIUM,NETWORK,NONE,PARTIAL,6.8,PARTIAL,8.6,6.4,PARTIAL,f,f,f,MEDIUM,t,4,5,f,t,183,2,2
2016-03-15,CVE-2016-3302,CWE-264,2016-09-14,HIGH,LOCAL,NONE,COMPLETE,6.2,COMPLETE,1.9,10,COMPLETE,f,f,f,MEDIUM,t,6,3,f,f,183,0,0
2016-03-15,CVE-2016-3377,CWE-119,2016-09-14,HIGH,NETWORK,NONE,COMPLETE,7.6,COMPLETE,4.9,10,COMPLETE,f,f,f,HIGH,t,1,3,f,t,183,0,0
2016-03-15,CVE-2016-3305,CWE-19,2016-09-14,LOW,LOCAL,NONE,PARTIAL,4.6,PARTIAL,3.9,6.4,PARTIAL,f,f,f,MEDIUM,f,13,3,f,f,183,0,0
2016-03-15,CVE-2016-3375,CWE-119,2016-09-14,HIGH,NETWORK,NONE,COMPLETE,7.6,COMPLETE,4.9,10,COMPLETE,f,f,f,HIGH,t,14,4,f,t,183,2,2
2016-03-15,CVE-2016-3306,CWE-19,2016-09-14,LOW,LOCAL,NONE,PARTIAL,4.6,PARTIAL,3.9,6.4,PARTIAL,f,f,f,MEDIUM,f,13,3,f,f,183,2,2
2016-03-15,CVE-2016-3324,NVD-CWE-noinfo,2016-09-14,MEDIUM,NETWORK,NONE,PARTIAL,6.8,PARTIAL,8.6,6.4,PARTIAL,f,f,f,MEDIUM,t,3,4,f,t,183,2,2
2016-03-15,CVE-2016-3348,CWE-264,2016-09-14,MEDIUM,NETWORK,NONE,COMPLETE,9.3,COMPLETE,8.6,10,COMPLETE,f,f,f,HIGH,t,11,3,f,f,183,2,2
2016-03-15,CVE-2016-3351,CWE-200,2016-09-14,HIGH,NETWORK,NONE,NONE,2.6,PARTIAL,4.9,2.9,NONE,f,f,f,LOW,t,4,6,f,t,183,6,5
2016-03-15,CVE-2016-3325,CWE-200,2016-09-14,HIGH,NETWORK,NONE,NONE,2.6,PARTIAL,4.9,2.9,NONE,f,f,f,LOW,t,2,6,f,f,183,2,2
2016-03-15,CVE-2016-3247,NVD-CWE-noinfo,2016-09-14,HIGH,NETWORK,NONE,PARTIAL,5.1,PARTIAL,4.9,6.4,PARTIAL,f,f,f,MEDIUM,t,2,9,f,t,183,2,2
2016-03-15,CVE-2016-3330,CWE-119,2016-09-14,HIGH,NETWORK,NONE,COMPLETE,7.6,COMPLETE,4.9,10,COMPLETE,f,f,f,HIGH,t,7,3,f,f,183,2,2
2016-03-15,CVE-2016-3385,CWE-119,2016-10-14,MEDIUM,NETWORK,NONE,COMPLETE,9.3,COMPLETE,8.6,10,COMPLETE,f,f,f,HIGH,t,3,4,f,t,213,0,0
2016-03-15,CVE-2016-3209,CWE-200,2016-10-14,LOW,NETWORK,NONE,NONE,5,PARTIAL,10,2.9,NONE,f,f,f,MEDIUM,f,25,3,f,f,213,0,0
2016-03-15,CVE-2016-3298,CWE-200,2016-10-14,HIGH,NETWORK,NONE,NONE,2.6,PARTIAL,4.9,2.9,NONE,f,f,f,LOW,f,7,4,f,t,213,6,5
2016-03-15,CVE-2016-3262,CWE-200,2016-10-14,LOW,NETWORK,NONE,NONE,5,PARTIAL,10,2.9,NONE,f,f,f,MEDIUM,f,19,3,f,f,213,0,0
2016-03-15,CVE-2016-3382,CWE-119,2016-10-14,MEDIUM,NETWORK,NONE,COMPLETE,9.3,COMPLETE,8.6,10,COMPLETE,f,f,f,HIGH,t,4,5,f,t,213,2,2
2016-03-15,CVE-2016-3263,CWE-200,2016-10-14,LOW,NETWORK,NONE,NONE,5,PARTIAL,10,2.9,NONE,f,f,f,MEDIUM,f,19,3,f,f,213,0,0
2016-03-15,CVE-2016-3383,CWE-119,2016-10-14,MEDIUM,NETWORK,NONE,COMPLETE,9.3,COMPLETE,8.6,10,COMPLETE,f,f,f,HIGH,t,2,3,f,t,213,0,0
2016-03-15,CVE-2016-3266,CWE-264,2016-10-14,LOW,NETWORK,NONE,COMPLETE,10,COMPLETE,10,10,COMPLETE,f,f,f,HIGH,f,11,3,f,f,213,2,2
2016-03-23,CVE-2016-3644,CWE-20,2016-06-30,LOW,NETWORK,NONE,COMPLETE,10,COMPLETE,10,10,COMPLETE,f,f,f,HIGH,f,37,5,f,t,99,0,0
2016-03-23,CVE-2016-3647,NVD-CWE-Other,2016-06-30,LOW,NETWORK,SINGLE,NONE,4,NONE,8,2.9,PARTIAL,f,f,f,MEDIUM,f,1,3,f,f,99,0,0
2016-03-23,CVE-2016-3645,CWE-189,2016-06-30,LOW,NETWORK,NONE,COMPLETE,10,COMPLETE,10,10,COMPLETE,f,f,f,HIGH,f,37,5,f,t,99,0,0
2016-03-23,CVE-2016-3646,CWE-20,2016-06-30,LOW,NETWORK,NONE,COMPLETE,10,COMPLETE,10,10,COMPLETE,f,f,f,HIGH,f,37,5,f,t,99,0,0
2016-03-23,CVE-2016-3649,CWE-200,2016-06-30,LOW,NETWORK,SINGLE,NONE,4,PARTIAL,8,2.9,NONE,f,f,f,MEDIUM,f,1,3,f,f,99,0,0
2016-04-27,CVE-2016-4117,NVD-CWE-noinfo,2016-05-11,LOW,NETWORK,NONE,COMPLETE,10,COMPLETE,10,10,COMPLETE,f,f,f,HIGH,f,5,11,f,t,14,46,29
2016-04-27,CVE-2016-4088,CWE-119,2016-05-11,LOW,NETWORK,NONE,COMPLETE,10,COMPLETE,10,10,COMPLETE,f,f,f,HIGH,f,8,2,f,f,14,0,0
2016-04-27,CVE-2016-4121,NVD-CWE-Other,2016-06-16,LOW,NETWORK,NONE,PARTIAL,7.5,PARTIAL,10,6.4,PARTIAL,f,f,f,HIGH,f,31,4,f,t,50,0,0
2016-04-27,CVE-2016-4120,CWE-119,2016-06-16,LOW,NETWORK,NONE,PARTIAL,7.5,PARTIAL,10,6.4,PARTIAL,f,f,f,HIGH,f,31,4,f,f,50,0,0
2016-04-27,CVE-2016-4133,NVD-CWE-noinfo,2016-06-16,MEDIUM,NETWORK,NONE,COMPLETE,9.3,COMPLETE,8.6,10,COMPLETE,f,f,f,HIGH,t,27,7,f,t,50,2,2
2016-04-27,CVE-2016-4122,NVD-CWE-noinfo,2016-06-16,MEDIUM,NETWORK,NONE,COMPLETE,9.3,COMPLETE,8.6,10,COMPLETE,f,f,f,HIGH,t,27,7,f,f,50,2,2
2016-04-27,CVE-2016-4144,NVD-CWE-noinfo,2016-06-16,MEDIUM,NETWORK,NONE,COMPLETE,9.3,COMPLETE,8.6,10,COMPLETE,f,f,f,HIGH,t,27,7,f,t,50,2,2
2016-04-27,CVE-2016-4123,NVD-CWE-noinfo,2016-06-16,MEDIUM,NETWORK,NONE,COMPLETE,9.3,COMPLETE,8.6,10,COMPLETE,f,f,f,HIGH,t,27,7,f,f,50,2,2
2016-04-27,CVE-2016-4150,NVD-CWE-noinfo,2016-06-16,MEDIUM,NETWORK,NONE,COMPLETE,9.3,COMPLETE,8.6,10,COMPLETE,f,f,f,HIGH,t,27,7,f,t,50,2,2
2016-04-27,CVE-2016-4124,NVD-CWE-noinfo,2016-06-16,MEDIUM,NETWORK,NONE,COMPLETE,9.3,COMPLETE,8.6,10,COMPLETE,f,f,f,HIGH,t,27,7,f,f,50,2,2
2016-04-27,CVE-2016-4151,NVD-CWE-noinfo,2016-06-16,MEDIUM,NETWORK,NONE,COMPLETE,9.3,COMPLETE,8.6,10,COMPLETE,f,f,f,HIGH,t,27,7,f,t,50,2,2
2016-04-27,CVE-2016-4125,NVD-CWE-noinfo,2016-06-16,MEDIUM,NETWORK,NONE,COMPLETE,9.3,COMPLETE,8.6,10,COMPLETE,f,f,f,HIGH,t,27,7,f,f,50,2,2
2014-12-01,CVE-2015-0310,CWE-264,2015-01-23,LOW,NETWORK,NONE,COMPLETE,10,COMPLETE,10,10,COMPLETE,f,f,f,HIGH,f,17,8,f,t,53,34,22
2014-12-01,CVE-2015-0306,NVD-CWE-noinfo,2015-01-13,LOW,NETWORK,NONE,COMPLETE,10,COMPLETE,10,10,COMPLETE,f,f,f,HIGH,f,25,10,f,f,43,0,0
2014-12-01,CVE-2015-0311,NVD-CWE-noinfo,2015-01-23,LOW,NETWORK,NONE,COMPLETE,10,COMPLETE,10,10,COMPLETE,f,f,f,HIGH,f,18,14,f,t,53,102,65
2014-12-01,CVE-2015-0305,NVD-CWE-noinfo,2015-01-13,MEDIUM,NETWORK,NONE,COMPLETE,9.3,COMPLETE,8.6,10,COMPLETE,f,f,f,HIGH,f,25,10,f,f,43,0,0
2014-12-01,CVE-2015-0312,CWE-415,2015-01-28,MEDIUM,NETWORK,NONE,COMPLETE,9.3,COMPLETE,8.6,10,COMPLETE,f,f,f,HIGH,t,17,8,f,t,58,2,2
2014-12-01,CVE-2015-0302,NVD-CWE-noinfo,2015-01-13,LOW,NETWORK,NONE,NONE,5,PARTIAL,10,2.9,NONE,f,f,f,MEDIUM,f,25,10,f,f,43,0,0
2014-12-01,CVE-2015-0313,NVD-CWE-noinfo,2015-02-02,LOW,NETWORK,NONE,COMPLETE,10,COMPLETE,10,10,COMPLETE,f,f,f,HIGH,f,19,16,f,t,63,44,30
2014-12-01,CVE-2015-0303,NVD-CWE-noinfo,2015-01-13,LOW,NETWORK,NONE,COMPLETE,10,COMPLETE,10,10,COMPLETE,f,f,f,HIGH,f,25,10,f,f,43,0,0
2015-02-17,CVE-2015-1701,CWE-264,2015-04-21,LOW,LOCAL,NONE,COMPLETE,7.2,COMPLETE,3.9,10,COMPLETE,f,f,f,HIGH,f,5,8,f,t,63,28,45
2015-02-16,CVE-2015-1613,CWE-200,2015-02-16,LOW,NETWORK,SINGLE,NONE,4,PARTIAL,8,2.9,NONE,f,f,f,MEDIUM,f,1,1,f,f,0,0,0
2015-12-22,CVE-2016-1019,NVD-CWE-noinfo,2016-04-07,LOW,NETWORK,NONE,COMPLETE,10,COMPLETE,10,10,COMPLETE,f,f,f,HIGH,f,27,15,f,t,107,56,56
2015-12-23,CVE-2015-8663,CWE-119,2015-12-24,LOW,NETWORK,NONE,PARTIAL,7.5,PARTIAL,10,6.4,PARTIAL,f,f,f,HIGH,t,1,4,f,f,1,0,0
2016-02-02,CVE-2016-2208,CWE-399,2016-05-19,LOW,NETWORK,NONE,COMPLETE,9.4,NONE,10,9.2,COMPLETE,f,f,f,HIGH,f,1,5,f,t,107,34,21
2016-02-01,CVE-2016-2199,CWE-352,2016-02-01,MEDIUM,NETWORK,NONE,PARTIAL,6.8,PARTIAL,8.6,6.4,PARTIAL,f,f,f,MEDIUM,t,1,1,f,f,0,0,0
2016-02-02,CVE-2016-2209,CWE-119,2016-06-30,LOW,NETWORK,NONE,COMPLETE,9,PARTIAL,10,8.5,PARTIAL,f,f,f,HIGH,f,44,5,f,t,149,0,0
2016-02-03,CVE-2016-2213,CWE-119,2016-02-03,MEDIUM,NETWORK,NONE,PARTIAL,4.3,NONE,8.6,2.9,NONE,f,f,f,MEDIUM,t,1,3,f,f,0,0,0
2016-02-02,CVE-2016-2207,CWE-20,2016-06-30,LOW,NETWORK,NONE,COMPLETE,10,COMPLETE,10,10,COMPLETE,f,f,f,HIGH,f,44,5,f,t,149,0,0
2016-02-02,CVE-2016-2200,CWE-20,2016-02-08,LOW,NETWORK,NONE,COMPLETE,7.8,NONE,10,6.9,NONE,f,f,f,HIGH,f,15,5,f,f,6,0,0
2016-02-02,CVE-2016-2210,CWE-119,2016-06-30,LOW,NETWORK,NONE,COMPLETE,9,PARTIAL,10,8.5,PARTIAL,f,f,f,HIGH,f,44,5,f,t,149,0,0
2016-02-02,CVE-2016-2201,CWE-20,2016-02-08,LOW,NETWORK,NONE,NONE,5,NONE,10,2.9,PARTIAL,f,f,f,MEDIUM,f,15,5,f,f,6,0,0
2016-02-12,CVE-2016-2347,CWE-190,2017-04-21,MEDIUM,NETWORK,NONE,PARTIAL,6.8,PARTIAL,8.6,6.4,PARTIAL,f,f,f,MEDIUM,t,5,6,t,t,434,0,0
2016-02-11,CVE-2016-2326,CWE-190,2016-02-12,MEDIUM,NETWORK,NONE,PARTIAL,6.8,PARTIAL,8.6,6.4,PARTIAL,f,f,f,MEDIUM,t,4,7,f,f,1,0,0
